{
  "tables": [
    {
      "table_id": "camelot_table_0",
      "headers": [
        "col_0",
        "1",
        "2",
        "3"
      ],
      "rows": [
        [
          "Service Description",
          "Amount\n-without VAT-",
          "quantity",
          "Total Amount"
        ],
        [
          "Basic Fee wmView",
          "130,00 €",
          "1",
          "130,00 €"
        ],
        [
          "Basis fee for additional user accounts",
          "10,00 €",
          "0",
          "0,00 €"
        ],
        [
          "Basic Fee wmPos",
          "50,00 €",
          "0",
          "0,00 €"
        ],
        [
          "Basic Fee wmGuide",
          "1.000,00 €",
          "0",
          "0,00 €"
        ],
        [
          "Change of user accounts",
          "10,00 €",
          "0",
          "0,00 €"
        ],
        [
          "Transaction Fee T1",
          "0,58 €",
          "14",
          "8,12 €"
        ],
        [
          "Transaction Fee T2",
          "0,70 €",
          "0",
          "0,00 €"
        ],
        [
          "Transaction Fee T3",
          "1,50 €",
          "162",
          "243,00 €"
        ],
        [
          "Transaction Fee T4",
          "0,50 €",
          "0",
          "0,00 €"
        ],
        [
          "Transaction Fee T5",
          "0,80 €",
          "0",
          "0,00 €"
        ],
        [
          "Transaction Fee T6",
          "1,80 €",
          "0",
          "0,00 €"
        ],
        [
          "Transaction Fee G1",
          "0,30 €",
          "0",
          "0,00 €"
        ],
        [
          "Transaction Fee G2",
          "0,30 €",
          "0",
          "0,00 €"
        ],
        [
          "Transaction Fee G3",
          "0,40 €",
          "0",
          "0,00 €"
        ],
        [
          "Transaction Fee G4",
          "0,40 €",
          "0",
          "0,00 €"
        ],
        [
          "Transaction Fee G5",
          "0,30 €",
          "0",
          "0,00 €"
        ],
        [
          "Transaction Fee G6",
          "0,30 €",
          "0",
          "0,00 €"
        ],
        [
          "",
          "Total",
          "",
          "381,12 €"
        ],
        [
          "",
          "VAT 19 %",
          "",
          "72,41 €"
        ],
        [
          "",
          "Gross Amount incl. VAT",
          "",
          "453,53 €"
        ]
      ],
      "shape": [
        21,
        4
      ],
      "source": "camelot",
      "data": [
        {
          "col_0": "Service Description",
          "1": "Amount\n-without VAT-",
          "2": "quantity",
          "3": "Total Amount"
        },
        {
          "col_0": "Basic Fee wmView",
          "1": "130,00 €",
          "2": "1",
          "3": "130,00 €"
        },
        {
          "col_0": "Basis fee for additional user accounts",
          "1": "10,00 €",
          "2": "0",
          "3": "0,00 €"
        },
        {
          "col_0": "Basic Fee wmPos",
          "1": "50,00 €",
          "2": "0",
          "3": "0,00 €"
        },
        {
          "col_0": "Basic Fee wmGuide",
          "1": "1.000,00 €",
          "2": "0",
          "3": "0,00 €"
        },
        {
          "col_0": "Change of user accounts",
          "1": "10,00 €",
          "2": "0",
          "3": "0,00 €"
        },
        {
          "col_0": "Transaction Fee T1",
          "1": "0,58 €",
          "2": "14",
          "3": "8,12 €"
        },
        {
          "col_0": "Transaction Fee T2",
          "1": "0,70 €",
          "2": "0",
          "3": "0,00 €"
        },
        {
          "col_0": "Transaction Fee T3",
          "1": "1,50 €",
          "2": "162",
          "3": "243,00 €"
        },
        {
          "col_0": "Transaction Fee T4",
          "1": "0,50 €",
          "2": "0",
          "3": "0,00 €"
        },
        {
          "col_0": "Transaction Fee T5",
          "1": "0,80 €",
          "2": "0",
          "3": "0,00 €"
        },
        {
          "col_0": "Transaction Fee T6",
          "1": "1,80 €",
          "2": "0",
          "3": "0,00 €"
        },
        {
          "col_0": "Transaction Fee G1",
          "1": "0,30 €",
          "2": "0",
          "3": "0,00 €"
        },
        {
          "col_0": "Transaction Fee G2",
          "1": "0,30 €",
          "2": "0",
          "3": "0,00 €"
        },
        {
          "col_0": "Transaction Fee G3",
          "1": "0,40 €",
          "2": "0",
          "3": "0,00 €"
        },
        {
          "col_0": "Transaction Fee G4",
          "1": "0,40 €",
          "2": "0",
          "3": "0,00 €"
        },
        {
          "col_0": "Transaction Fee G5",
          "1": "0,30 €",
          "2": "0",
          "3": "0,00 €"
        },
        {
          "col_0": "Transaction Fee G6",
          "1": "0,30 €",
          "2": "0",
          "3": "0,00 €"
        },
        {
          "col_0": "",
          "1": "Total",
          "2": "",
          "3": "381,12 €"
        },
        {
          "col_0": "",
          "1": "VAT 19 %",
          "2": "",
          "3": "72,41 €"
        },
        {
          "col_0": "",
          "1": "Gross Amount incl. VAT",
          "2": "",
          "3": "453,53 €"
        }
      ]
    },
    {
      "table_id": "camelot_table_1",
      "headers": [
        "col_0",
        "1",
        "2",
        "3",
        "4",
        "5",
        "6"
      ],
      "rows": [
        [
          "4",
          "0",
          "9",
          "0",
          "0",
          "0",
          "15,82 €"
        ],
        [
          "0",
          "0",
          "12",
          "0",
          "0",
          "0",
          "18,00 €"
        ],
        [
          "0",
          "0",
          "4",
          "0",
          "0",
          "0",
          "6,00 €"
        ],
        [
          "5",
          "0",
          "36",
          "0",
          "0",
          "0",
          "56,90 €"
        ],
        [
          "0",
          "0",
          "19",
          "0",
          "0",
          "0",
          "28,50 €"
        ],
        [
          "1",
          "0",
          "7",
          "0",
          "0",
          "0",
          "11,08 €"
        ],
        [
          "2",
          "0",
          "6",
          "0",
          "0",
          "0",
          "10,16 €"
        ],
        [
          "0",
          "0",
          "11",
          "0",
          "0",
          "0",
          "16,50 €"
        ],
        [
          "0",
          "0",
          "15",
          "0",
          "0",
          "0",
          "22,50 €"
        ],
        [
          "0",
          "0",
          "5",
          "0",
          "0",
          "0",
          "7,50 €"
        ],
        [
          "1",
          "0",
          "23",
          "0",
          "0",
          "0",
          "35,08 €"
        ],
        [
          "1",
          "0",
          "4",
          "0",
          "0",
          "0",
          "6,58 €"
        ],
        [
          "0",
          "0",
          "11",
          "0",
          "0",
          "0",
          "16,50 €"
        ]
      ],
      "shape": [
        13,
        7
      ],
      "source": "camelot",
      "data": [
        {
          "col_0": "4",
          "1": "0",
          "2": "9",
          "3": "0",
          "4": "0",
          "5": "0",
          "6": "15,82 €"
        },
        {
          "col_0": "0",
          "1": "0",
          "2": "12",
          "3": "0",
          "4": "0",
          "5": "0",
          "6": "18,00 €"
        },
        {
          "col_0": "0",
          "1": "0",
          "2": "4",
          "3": "0",
          "4": "0",
          "5": "0",
          "6": "6,00 €"
        },
        {
          "col_0": "5",
          "1": "0",
          "2": "36",
          "3": "0",
          "4": "0",
          "5": "0",
          "6": "56,90 €"
        },
        {
          "col_0": "0",
          "1": "0",
          "2": "19",
          "3": "0",
          "4": "0",
          "5": "0",
          "6": "28,50 €"
        },
        {
          "col_0": "1",
          "1": "0",
          "2": "7",
          "3": "0",
          "4": "0",
          "5": "0",
          "6": "11,08 €"
        },
        {
          "col_0": "2",
          "1": "0",
          "2": "6",
          "3": "0",
          "4": "0",
          "5": "0",
          "6": "10,16 €"
        },
        {
          "col_0": "0",
          "1": "0",
          "2": "11",
          "3": "0",
          "4": "0",
          "5": "0",
          "6": "16,50 €"
        },
        {
          "col_0": "0",
          "1": "0",
          "2": "15",
          "3": "0",
          "4": "0",
          "5": "0",
          "6": "22,50 €"
        },
        {
          "col_0": "0",
          "1": "0",
          "2": "5",
          "3": "0",
          "4": "0",
          "5": "0",
          "6": "7,50 €"
        },
        {
          "col_0": "1",
          "1": "0",
          "2": "23",
          "3": "0",
          "4": "0",
          "5": "0",
          "6": "35,08 €"
        },
        {
          "col_0": "1",
          "1": "0",
          "2": "4",
          "3": "0",
          "4": "0",
          "5": "0",
          "6": "6,58 €"
        },
        {
          "col_0": "0",
          "1": "0",
          "2": "11",
          "3": "0",
          "4": "0",
          "5": "0",
          "6": "16,50 €"
        }
      ]
    },
    {
      "table_id": "camelot_table_2",
      "headers": [
        "col_0"
      ],
      "rows": [
        [
          "*Not specified*"
        ],
        [
          "AZR/31/27439"
        ],
        [
          "CCL/3715"
        ],
        [
          "CRS/28432"
        ],
        [
          "Cs/52113"
        ],
        [
          "GS 32090"
        ],
        [
          "Kpi/22695"
        ],
        [
          "PG 7772"
        ],
        [
          "Rjn/11138"
        ],
        [
          "SF-M 596/99-08"
        ],
        [
          "Ttrb/17885"
        ],
        [
          "WPN:24791"
        ],
        [
          "Wwt/15658"
        ]
      ],
      "shape": [
        13,
        1
      ],
      "source": "camelot",
      "data": [
        {
          "col_0": "*Not specified*"
        },
        {
          "col_0": "AZR/31/27439"
        },
        {
          "col_0": "CCL/3715"
        },
        {
          "col_0": "CRS/28432"
        },
        {
          "col_0": "Cs/52113"
        },
        {
          "col_0": "GS 32090"
        },
        {
          "col_0": "Kpi/22695"
        },
        {
          "col_0": "PG 7772"
        },
        {
          "col_0": "Rjn/11138"
        },
        {
          "col_0": "SF-M 596/99-08"
        },
        {
          "col_0": "Ttrb/17885"
        },
        {
          "col_0": "WPN:24791"
        },
        {
          "col_0": "Wwt/15658"
        }
      ]
    }
  ],
  "file_name": "upload_c569ad13-863d-4715-925c-d404e1c0d2d6_k_uro3x8.pdf",
  "status": "success",
  "extraction_method": "camelot",
  "file_id": "c569ad13-863d-4715-925c-d404e1c0d2d6",
  "extraction_id": "075c34f6-b8df-4b32-aee9-9c9439f91f19"
}